,date_hour,available_bike_stands
0,2023-06-25 19:00:00,7
1,2023-06-25 20:00:00,8
2,2023-06-25 21:00:00,4
3,2023-06-25 22:00:00,0
4,2023-06-25 23:00:00,0
5,2023-06-26 00:00:00,0
6,2023-06-26 01:00:00,0
7,2023-06-26 02:00:00,1
8,2023-06-26 03:00:00,2
9,2023-06-26 04:00:00,5
10,2023-06-26 05:00:00,11
11,2023-06-26 06:00:00,15
12,2023-06-26 07:00:00,20
13,2023-06-26 08:00:00,21
14,2023-06-26 09:00:00,21
15,2023-06-26 10:00:00,18
16,2023-06-26 11:00:00,16
17,2023-06-26 17:00:00,1
18,2023-06-26 18:00:00,3
19,2023-06-26 19:00:00,6
20,2023-06-26 20:00:00,2
21,2023-06-26 21:00:00,0
22,2023-06-26 22:00:00,0
23,2023-06-26 23:00:00,0
24,2023-06-27 00:00:00,0
25,2023-06-27 01:00:00,0
26,2023-06-27 02:00:00,0
27,2023-06-27 03:00:00,0
28,2023-06-27 04:00:00,5
29,2023-06-27 05:00:00,17
30,2023-06-27 06:00:00,20
31,2023-06-27 07:00:00,20
32,2023-06-27 08:00:00,19
33,2023-06-27 09:00:00,20
34,2023-06-27 10:00:00,20
35,2023-06-27 11:00:00,20
36,2023-06-27 12:00:00,19
37,2023-06-27 13:00:00,18
38,2023-06-27 14:00:00,19
39,2023-06-27 15:00:00,17
40,2023-06-27 16:00:00,15
41,2023-06-27 17:00:00,12
42,2023-06-27 18:00:00,9
43,2023-06-27 19:00:00,10
44,2023-06-27 20:00:00,10
45,2023-06-27 21:00:00,8
46,2023-06-27 22:00:00,0
47,2023-06-27 23:00:00,1
48,2023-06-28 00:00:00,2
49,2023-06-28 01:00:00,8
50,2023-06-28 02:00:00,13
51,2023-06-28 03:00:00,16
52,2023-06-28 04:00:00,16
53,2023-06-28 05:00:00,16
54,2023-06-28 06:00:00,18
55,2023-06-28 07:00:00,20
56,2023-06-28 08:00:00,21
57,2023-06-28 09:00:00,20
58,2023-06-28 10:00:00,17
59,2023-06-28 11:00:00,20
60,2023-06-28 12:00:00,19
61,2023-06-28 13:00:00,14
62,2023-06-28 14:00:00,7
63,2023-06-28 15:00:00,12
64,2023-06-28 16:00:00,16
65,2023-06-28 17:00:00,17
66,2023-06-28 18:00:00,18
67,2023-06-28 19:00:00,13
68,2023-06-28 20:00:00,5
69,2023-06-28 21:00:00,0
70,2023-06-28 22:00:00,0
71,2023-06-28 23:00:00,0
72,2023-06-29 00:00:00,0
73,2023-06-29 01:00:00,0
74,2023-06-29 02:00:00,1
75,2023-06-29 03:00:00,3
76,2023-06-29 04:00:00,9
77,2023-06-29 05:00:00,20
78,2023-06-29 06:00:00,21
79,2023-06-29 07:00:00,21
80,2023-06-29 08:00:00,19
81,2023-06-29 09:00:00,19
82,2023-06-29 10:00:00,19
83,2023-06-29 11:00:00,20
84,2023-06-29 12:00:00,17
85,2023-06-29 13:00:00,8
86,2023-06-29 14:00:00,3
87,2023-06-29 15:00:00,3
88,2023-06-29 16:00:00,13
89,2023-06-29 17:00:00,12
90,2023-06-29 18:00:00,18
91,2023-06-29 19:00:00,21
92,2023-06-29 20:00:00,12
93,2023-06-29 21:00:00,10
94,2023-06-29 22:00:00,1
95,2023-06-29 23:00:00,0
96,2023-06-30 00:00:00,0
97,2023-06-30 01:00:00,0
98,2023-06-30 02:00:00,0
99,2023-06-30 03:00:00,0
100,2023-06-30 04:00:00,3
101,2023-06-30 05:00:00,9
102,2023-06-30 06:00:00,19
103,2023-06-30 07:00:00,21
104,2023-06-30 08:00:00,20
105,2023-06-30 09:00:00,20
106,2023-06-30 10:00:00,18
107,2023-06-30 11:00:00,20
108,2023-06-30 12:00:00,17
109,2023-06-30 13:00:00,15
110,2023-06-30 14:00:00,16
111,2023-06-30 15:00:00,19
112,2023-06-30 16:00:00,21
113,2023-06-30 17:00:00,19
114,2023-06-30 18:00:00,20
115,2023-06-30 19:00:00,17
116,2023-06-30 20:00:00,15
117,2023-06-30 21:00:00,11
118,2023-06-30 22:00:00,8
119,2023-06-30 23:00:00,11
120,2023-07-01 00:00:00,7
121,2023-07-01 01:00:00,5
122,2023-07-01 02:00:00,4
123,2023-07-01 03:00:00,4
124,2023-07-01 04:00:00,4
125,2023-07-01 05:00:00,5
126,2023-07-01 06:00:00,10
127,2023-07-01 07:00:00,13
128,2023-07-01 08:00:00,16
129,2023-07-01 09:00:00,18
130,2023-07-01 10:00:00,20
131,2023-07-01 11:00:00,18
132,2023-07-01 12:00:00,16
133,2023-07-01 13:00:00,17
134,2023-07-01 14:00:00,17
135,2023-07-01 15:00:00,20
136,2023-07-03 16:00:00,20
137,2023-07-03 17:00:00,16
138,2023-07-03 18:00:00,10
139,2023-07-03 19:00:00,8
140,2023-07-03 20:00:00,6
141,2023-07-03 21:00:00,5
142,2023-07-03 22:00:00,5
143,2023-07-03 23:00:00,5
144,2023-07-04 00:00:00,5
145,2023-07-04 01:00:00,4
146,2023-07-04 02:00:00,3
147,2023-07-04 03:00:00,3
148,2023-07-04 04:00:00,5
149,2023-07-04 05:00:00,14
150,2023-07-04 06:00:00,21
151,2023-07-04 07:00:00,21
152,2023-07-04 08:00:00,21
153,2023-07-04 09:00:00,20
154,2023-07-04 10:00:00,20
155,2023-07-04 11:00:00,21
156,2023-07-04 12:00:00,19
157,2023-07-04 13:00:00,14
158,2023-07-04 14:00:00,14
159,2023-07-04 15:00:00,7
160,2023-07-04 16:00:00,12
161,2023-07-04 17:00:00,15
162,2023-07-04 18:00:00,12
163,2023-07-04 19:00:00,4
164,2023-07-04 20:00:00,0
165,2023-07-04 21:00:00,1
166,2023-07-04 22:00:00,0
167,2023-07-04 23:00:00,3
168,2023-07-05 00:00:00,10
169,2023-07-05 01:00:00,18
170,2023-07-05 02:00:00,20
171,2023-07-05 03:00:00,20
172,2023-07-05 04:00:00,21
173,2023-07-05 05:00:00,21
174,2023-07-05 06:00:00,20
175,2023-07-05 07:00:00,21
176,2023-07-05 08:00:00,20
177,2023-07-05 09:00:00,20
178,2023-07-05 10:00:00,20
179,2023-07-05 11:00:00,18
180,2023-07-05 12:00:00,14
181,2023-07-05 13:00:00,11
182,2023-07-05 14:00:00,13
183,2023-07-05 15:00:00,12
184,2023-07-05 16:00:00,8
185,2023-07-05 17:00:00,6
186,2023-07-05 18:00:00,0
187,2023-07-05 19:00:00,1
188,2023-07-05 20:00:00,1
189,2023-07-05 21:00:00,0
190,2023-07-05 22:00:00,3
191,2023-07-05 23:00:00,8
192,2023-07-06 00:00:00,9
193,2023-07-06 01:00:00,8
194,2023-07-06 02:00:00,8
195,2023-07-06 03:00:00,9
196,2023-07-06 04:00:00,11
197,2023-07-06 05:00:00,16
198,2023-07-06 06:00:00,21
199,2023-07-06 07:00:00,21
200,2023-07-06 08:00:00,21
201,2023-07-06 09:00:00,20
202,2023-07-06 10:00:00,15
203,2023-07-06 11:00:00,15
204,2023-07-06 12:00:00,8
205,2023-07-06 13:00:00,10
206,2023-07-06 14:00:00,8
207,2023-07-06 15:00:00,7
208,2023-07-06 16:00:00,6
209,2023-07-06 17:00:00,14
210,2023-07-06 18:00:00,15
211,2023-07-06 19:00:00,9
212,2023-07-06 20:00:00,7
213,2023-07-06 21:00:00,4
214,2023-07-06 22:00:00,3
215,2023-07-06 23:00:00,1
216,2023-07-07 00:00:00,0
217,2023-07-07 01:00:00,0
218,2023-07-07 02:00:00,0
219,2023-07-07 03:00:00,0
220,2023-07-07 04:00:00,2
221,2023-07-07 05:00:00,11
222,2023-07-07 06:00:00,13
223,2023-07-07 07:00:00,12
224,2023-07-07 08:00:00,14
225,2023-07-07 09:00:00,13
226,2023-07-07 10:00:00,15
227,2023-07-07 11:00:00,16
228,2023-07-07 12:00:00,18
229,2023-07-07 13:00:00,17
230,2023-07-07 14:00:00,10
231,2023-07-07 15:00:00,6
232,2023-07-07 16:00:00,7
233,2023-07-07 17:00:00,8
234,2023-07-07 18:00:00,11
235,2023-07-07 19:00:00,12
236,2023-07-07 20:00:00,11
237,2023-07-07 21:00:00,9
238,2023-07-07 22:00:00,7
239,2023-07-07 23:00:00,6
240,2023-07-08 00:00:00,6
241,2023-07-08 01:00:00,7
242,2023-07-08 02:00:00,8
243,2023-07-08 03:00:00,8
244,2023-07-08 04:00:00,9
245,2023-07-08 05:00:00,12
246,2023-07-08 06:00:00,13
247,2023-07-08 07:00:00,15
248,2023-07-08 08:00:00,18
249,2023-07-08 09:00:00,21
250,2023-07-08 10:00:00,20
251,2023-07-08 11:00:00,20
252,2023-07-08 12:00:00,16
253,2023-07-08 13:00:00,16
254,2023-07-08 14:00:00,18
255,2023-07-08 15:00:00,20
256,2023-07-08 16:00:00,20
257,2023-07-08 17:00:00,19
258,2023-07-08 18:00:00,19
259,2023-07-08 19:00:00,18
260,2023-07-08 20:00:00,15
261,2023-07-08 21:00:00,14
262,2023-07-08 22:00:00,11
263,2023-07-08 23:00:00,11
264,2023-07-09 00:00:00,10
265,2023-07-09 01:00:00,10
266,2023-07-09 02:00:00,9
267,2023-07-09 03:00:00,9
268,2023-07-09 04:00:00,7
269,2023-07-09 05:00:00,7
270,2023-07-09 06:00:00,9
271,2023-07-09 07:00:00,10
272,2023-07-09 08:00:00,14
273,2023-07-09 09:00:00,14
274,2023-07-09 10:00:00,13
275,2023-07-09 11:00:00,14
276,2023-07-09 12:00:00,14
277,2023-07-09 13:00:00,13
278,2023-07-09 14:00:00,14
279,2023-07-09 15:00:00,12
280,2023-07-09 16:00:00,11
281,2023-07-09 17:00:00,10
282,2023-07-09 18:00:00,12
283,2023-07-09 19:00:00,8
284,2023-07-09 20:00:00,6
285,2023-07-09 21:00:00,5
286,2023-07-09 22:00:00,6
287,2023-07-09 23:00:00,7
288,2023-07-10 00:00:00,6
289,2023-07-10 01:00:00,6
290,2023-07-10 02:00:00,6
291,2023-07-10 03:00:00,7
292,2023-07-10 04:00:00,6
293,2023-07-10 05:00:00,11
294,2023-07-10 06:00:00,19
295,2023-07-10 07:00:00,21
296,2023-07-10 08:00:00,19
297,2023-07-10 09:00:00,17
298,2023-07-10 10:00:00,18
299,2023-07-10 11:00:00,19
300,2023-07-10 12:00:00,19
301,2023-07-10 13:00:00,17
302,2023-07-10 14:00:00,10
303,2023-07-10 15:00:00,7
304,2023-07-10 16:00:00,7
305,2023-07-10 17:00:00,7
306,2023-07-10 18:00:00,6
307,2023-07-10 19:00:00,6
308,2023-07-10 20:00:00,6
309,2023-07-10 21:00:00,1
310,2023-07-10 22:00:00,0
311,2023-07-10 23:00:00,0
312,2023-07-11 00:00:00,0
313,2023-07-11 01:00:00,0
314,2023-07-11 02:00:00,0
315,2023-07-11 03:00:00,0
316,2023-07-11 04:00:00,2
317,2023-07-11 05:00:00,9
318,2023-07-11 06:00:00,11
319,2023-07-11 07:00:00,17
320,2023-07-11 08:00:00,20
321,2023-07-11 09:00:00,21
322,2023-07-11 10:00:00,21
323,2023-07-11 11:00:00,19
324,2023-07-11 12:00:00,20
325,2023-07-11 13:00:00,20
326,2023-07-11 14:00:00,12
327,2023-07-11 15:00:00,5
328,2023-07-11 16:00:00,2
329,2023-07-11 17:00:00,5
330,2023-07-11 18:00:00,4
331,2023-07-11 19:00:00,1
332,2023-07-11 20:00:00,0
333,2023-07-11 21:00:00,1
334,2023-07-11 22:00:00,2
335,2023-07-11 23:00:00,6
336,2023-07-12 00:00:00,8
337,2023-07-12 01:00:00,11
338,2023-07-12 02:00:00,13
339,2023-07-12 03:00:00,13
340,2023-07-12 04:00:00,14
341,2023-07-12 05:00:00,15
342,2023-07-12 06:00:00,18
343,2023-07-12 07:00:00,19
344,2023-07-12 08:00:00,15
345,2023-07-12 09:00:00,15
346,2023-07-12 10:00:00,16
347,2023-07-12 11:00:00,20
348,2023-07-12 12:00:00,21
349,2023-07-12 13:00:00,17
350,2023-07-12 14:00:00,14
351,2023-07-12 15:00:00,7
352,2023-07-12 16:00:00,7
353,2023-07-12 17:00:00,14
354,2023-07-12 18:00:00,20
355,2023-07-12 19:00:00,14
356,2023-07-12 20:00:00,4
357,2023-07-12 21:00:00,1
358,2023-07-12 22:00:00,0
359,2023-07-12 23:00:00,0
360,2023-07-13 00:00:00,0
361,2023-07-13 01:00:00,0
362,2023-07-13 02:00:00,1
363,2023-07-13 03:00:00,1
364,2023-07-13 04:00:00,3
365,2023-07-13 05:00:00,7
366,2023-07-13 06:00:00,11
367,2023-07-13 07:00:00,13
368,2023-07-13 08:00:00,18
369,2023-07-13 09:00:00,18
370,2023-07-13 10:00:00,21
371,2023-07-13 11:00:00,21
372,2023-07-13 12:00:00,20
373,2023-07-13 13:00:00,18
374,2023-07-13 14:00:00,17
375,2023-07-13 15:00:00,16
376,2023-07-13 16:00:00,15
377,2023-07-13 17:00:00,14
378,2023-07-13 18:00:00,13
379,2023-07-13 19:00:00,14
380,2023-07-13 20:00:00,15
381,2023-07-13 21:00:00,16
382,2023-07-13 22:00:00,16
383,2023-07-13 23:00:00,16
384,2023-07-14 00:00:00,16
385,2023-07-14 01:00:00,16
386,2023-07-14 02:00:00,16
387,2023-07-14 03:00:00,15
388,2023-07-14 04:00:00,15
389,2023-07-14 05:00:00,19
390,2023-07-14 06:00:00,21
391,2023-07-14 07:00:00,18
392,2023-07-14 08:00:00,19
393,2023-07-14 09:00:00,21
394,2023-07-14 10:00:00,21
395,2023-07-14 11:00:00,20
396,2023-07-14 12:00:00,20
397,2023-07-14 13:00:00,18
398,2023-07-14 14:00:00,17
399,2023-07-14 15:00:00,14
400,2023-07-14 16:00:00,9
401,2023-07-14 17:00:00,8
402,2023-07-14 18:00:00,14
403,2023-07-14 19:00:00,16
404,2023-07-14 20:00:00,16
405,2023-07-14 21:00:00,12
406,2023-07-14 22:00:00,12
407,2023-07-14 23:00:00,12
408,2023-07-15 00:00:00,11
409,2023-07-15 01:00:00,6
410,2023-07-15 02:00:00,6
411,2023-07-15 03:00:00,7
412,2023-07-15 04:00:00,7
413,2023-07-15 05:00:00,7
414,2023-07-15 06:00:00,8
415,2023-07-15 07:00:00,7
416,2023-07-15 08:00:00,8
417,2023-07-15 09:00:00,8
418,2023-07-15 10:00:00,7
419,2023-07-15 11:00:00,6
420,2023-07-15 12:00:00,5
421,2023-07-15 13:00:00,2
422,2023-07-15 14:00:00,3
423,2023-07-15 15:00:00,3
424,2023-07-15 16:00:00,6
425,2023-07-15 17:00:00,9
426,2023-07-15 18:00:00,10
427,2023-07-15 19:00:00,8
428,2023-07-15 20:00:00,7
429,2023-07-15 21:00:00,7
430,2023-07-15 22:00:00,6
431,2023-07-15 23:00:00,3
432,2023-07-16 00:00:00,0
433,2023-07-16 01:00:00,0
434,2023-07-16 02:00:00,0
435,2023-07-16 03:00:00,0
436,2023-07-16 04:00:00,1
437,2023-07-16 05:00:00,1
438,2023-07-16 06:00:00,0
439,2023-07-16 07:00:00,0
440,2023-07-16 08:00:00,0
441,2023-07-16 09:00:00,1
442,2023-07-16 10:00:00,2
443,2023-07-16 11:00:00,3
444,2023-07-16 12:00:00,5
445,2023-07-16 13:00:00,5
446,2023-07-16 14:00:00,4
447,2023-07-16 15:00:00,5
448,2023-07-16 16:00:00,5
449,2023-07-16 17:00:00,7
450,2023-07-16 18:00:00,9
451,2023-07-16 19:00:00,9
452,2023-07-16 20:00:00,9
453,2023-07-16 21:00:00,9
454,2023-07-16 22:00:00,10
455,2023-07-16 23:00:00,10
456,2023-07-17 00:00:00,10
457,2023-07-17 01:00:00,10
458,2023-07-17 02:00:00,10
459,2023-07-17 03:00:00,10
460,2023-07-17 04:00:00,11
461,2023-07-17 05:00:00,11
462,2023-07-17 06:00:00,14
463,2023-07-17 07:00:00,16
464,2023-07-17 08:00:00,21
465,2023-07-17 09:00:00,19
466,2023-07-17 10:00:00,20
467,2023-07-17 11:00:00,21
468,2023-07-17 12:00:00,21
469,2023-07-17 13:00:00,21
470,2023-07-17 14:00:00,20
471,2023-07-17 15:00:00,20
472,2023-07-17 16:00:00,21
473,2023-07-17 17:00:00,19
474,2023-07-17 18:00:00,21
475,2023-07-17 19:00:00,18
476,2023-07-17 20:00:00,17
477,2023-07-17 21:00:00,16
478,2023-07-17 22:00:00,15
479,2023-07-17 23:00:00,14
480,2023-07-18 00:00:00,14
481,2023-07-18 01:00:00,14
482,2023-07-18 02:00:00,15
483,2023-07-18 03:00:00,15
484,2023-07-18 04:00:00,15
485,2023-07-18 05:00:00,16
486,2023-07-18 06:00:00,20
487,2023-07-18 07:00:00,14
488,2023-07-18 08:00:00,15
489,2023-07-18 09:00:00,16
490,2023-07-18 10:00:00,15
491,2023-07-18 11:00:00,14
492,2023-07-18 12:00:00,13
493,2023-07-18 13:00:00,15
494,2023-07-18 14:00:00,13
495,2023-07-18 15:00:00,17
496,2023-07-18 16:00:00,13
497,2023-07-18 17:00:00,12
498,2023-07-18 18:00:00,12
499,2023-07-18 19:00:00,12
500,2023-07-18 20:00:00,12
501,2023-07-18 21:00:00,9
502,2023-07-18 22:00:00,4
503,2023-07-18 23:00:00,10
504,2023-07-19 00:00:00,12
505,2023-07-19 01:00:00,15
506,2023-07-19 02:00:00,17
507,2023-07-19 03:00:00,20
508,2023-07-19 04:00:00,21
509,2023-07-19 05:00:00,21
510,2023-07-19 06:00:00,20
511,2023-07-19 07:00:00,21
512,2023-07-19 08:00:00,19
513,2023-07-19 09:00:00,19
514,2023-07-19 10:00:00,20
515,2023-07-19 11:00:00,20
516,2023-07-19 12:00:00,19
517,2023-07-19 13:00:00,19
518,2023-07-19 14:00:00,19
519,2023-07-19 15:00:00,20
520,2023-07-19 16:00:00,18
521,2023-07-19 17:00:00,16
522,2023-07-19 18:00:00,17
523,2023-07-19 19:00:00,16
524,2023-07-19 20:00:00,14
525,2023-07-19 21:00:00,16
526,2023-07-19 22:00:00,12
527,2023-07-19 23:00:00,11
528,2023-07-20 00:00:00,11
529,2023-07-20 01:00:00,12
530,2023-07-20 02:00:00,12
531,2023-07-20 03:00:00,13
532,2023-07-20 04:00:00,13
533,2023-07-20 05:00:00,15
534,2023-07-20 06:00:00,19
535,2023-07-20 07:00:00,20
536,2023-07-20 08:00:00,21
537,2023-07-20 09:00:00,19
538,2023-07-20 10:00:00,13
539,2023-07-20 11:00:00,11
540,2023-07-20 12:00:00,11
541,2023-07-20 13:00:00,12
542,2023-07-20 14:00:00,11
543,2023-07-20 15:00:00,11
544,2023-07-20 16:00:00,12
545,2023-07-20 17:00:00,10
546,2023-07-20 18:00:00,10
547,2023-07-20 19:00:00,11
548,2023-07-20 20:00:00,9
549,2023-07-20 21:00:00,4
550,2023-07-20 22:00:00,7
551,2023-07-20 23:00:00,11
552,2023-07-21 00:00:00,11
553,2023-07-21 01:00:00,11
554,2023-07-21 02:00:00,11
555,2023-07-21 03:00:00,12
556,2023-07-21 04:00:00,13
557,2023-07-21 05:00:00,13
558,2023-07-21 06:00:00,19
559,2023-07-21 07:00:00,20
560,2023-07-21 08:00:00,21
561,2023-07-21 09:00:00,17
562,2023-07-21 10:00:00,16
563,2023-07-21 11:00:00,15
564,2023-07-21 12:00:00,15
565,2023-07-21 13:00:00,15
566,2023-07-21 14:00:00,9
567,2023-07-21 15:00:00,8
568,2023-07-21 16:00:00,8
569,2023-07-21 17:00:00,8
570,2023-07-21 18:00:00,10
571,2023-07-21 19:00:00,10
572,2023-07-21 20:00:00,10
573,2023-07-21 21:00:00,10
574,2023-07-21 22:00:00,11
575,2023-07-21 23:00:00,11
576,2023-07-22 00:00:00,8
577,2023-07-22 01:00:00,8
578,2023-07-22 02:00:00,7
579,2023-07-22 03:00:00,6
580,2023-07-22 04:00:00,6
581,2023-07-22 05:00:00,7
582,2023-07-22 06:00:00,8
583,2023-07-22 07:00:00,7
584,2023-07-22 08:00:00,8
585,2023-07-22 09:00:00,6
586,2023-07-22 10:00:00,4
587,2023-07-22 11:00:00,5
588,2023-07-22 12:00:00,1
589,2023-07-22 13:00:00,0
590,2023-07-22 14:00:00,1
591,2023-07-22 15:00:00,1
592,2023-07-22 16:00:00,1
593,2023-07-22 17:00:00,1
594,2023-07-22 18:00:00,2
595,2023-07-22 19:00:00,0
596,2023-07-22 20:00:00,0
597,2023-07-22 21:00:00,2
598,2023-07-22 22:00:00,1
599,2023-07-22 23:00:00,2
600,2023-07-23 00:00:00,3
601,2023-07-23 01:00:00,4
602,2023-07-23 02:00:00,4
603,2023-07-23 03:00:00,3
604,2023-07-23 04:00:00,3
605,2023-07-23 05:00:00,3
606,2023-07-23 06:00:00,2
607,2023-07-23 07:00:00,3
608,2023-07-23 08:00:00,3
609,2023-07-23 09:00:00,7
610,2023-07-23 10:00:00,12
611,2023-07-23 11:00:00,11
612,2023-07-23 12:00:00,15
613,2023-07-23 13:00:00,13
614,2023-07-23 14:00:00,12
615,2023-07-23 15:00:00,12
616,2023-07-23 16:00:00,14
617,2023-07-23 17:00:00,12
618,2023-07-23 18:00:00,14
619,2023-07-23 19:00:00,13
620,2023-07-23 20:00:00,13
621,2023-07-23 21:00:00,16
622,2023-07-23 22:00:00,16
623,2023-07-23 23:00:00,13
624,2023-07-24 00:00:00,14
625,2023-07-24 01:00:00,14
626,2023-07-24 02:00:00,14
627,2023-07-24 03:00:00,14
628,2023-07-24 04:00:00,13
629,2023-07-24 05:00:00,13
630,2023-07-24 06:00:00,14
631,2023-07-24 07:00:00,18
632,2023-07-24 08:00:00,19
633,2023-07-24 09:00:00,20
634,2023-07-24 10:00:00,19
635,2023-07-24 11:00:00,18
636,2023-07-24 12:00:00,16
637,2023-07-24 13:00:00,17
638,2023-07-24 14:00:00,14
639,2023-07-24 15:00:00,15
640,2023-07-24 16:00:00,16
641,2023-07-24 17:00:00,20
642,2023-07-24 18:00:00,18
643,2023-07-24 19:00:00,17
644,2023-07-24 20:00:00,20
645,2023-07-24 21:00:00,21
646,2023-07-24 22:00:00,22
647,2023-07-24 23:00:00,22
648,2023-07-25 00:00:00,22
649,2023-07-25 01:00:00,22
650,2023-07-25 02:00:00,22
651,2023-07-25 03:00:00,21
652,2023-07-25 04:00:00,20
653,2023-07-25 05:00:00,20
654,2023-07-25 06:00:00,20
655,2023-07-25 07:00:00,20
656,2023-07-25 08:00:00,20
657,2023-07-25 09:00:00,18
658,2023-07-25 10:00:00,16
659,2023-07-25 11:00:00,21
660,2023-07-25 12:00:00,20
661,2023-07-25 13:00:00,14
662,2023-07-25 14:00:00,20
663,2023-07-25 15:00:00,20
664,2023-07-25 16:00:00,20
665,2023-07-25 17:00:00,15
666,2023-07-25 18:00:00,19
667,2023-07-25 19:00:00,17
668,2023-07-25 20:00:00,16
669,2023-07-25 21:00:00,13
670,2023-07-25 22:00:00,13
671,2023-07-25 23:00:00,11
672,2023-07-26 00:00:00,14
673,2023-07-26 01:00:00,21
674,2023-07-26 02:00:00,22
675,2023-07-26 03:00:00,21
676,2023-07-26 04:00:00,21
677,2023-07-26 05:00:00,20
678,2023-07-26 06:00:00,18
679,2023-07-26 07:00:00,19
680,2023-07-26 08:00:00,20
681,2023-07-26 09:00:00,18
682,2023-07-26 10:00:00,18
683,2023-07-26 11:00:00,20
684,2023-07-26 12:00:00,18
685,2023-07-26 13:00:00,14
686,2023-07-26 14:00:00,12
687,2023-07-26 15:00:00,13
688,2023-07-26 16:00:00,15
689,2023-07-26 17:00:00,5
690,2023-07-26 18:00:00,2
691,2023-07-26 19:00:00,2
692,2023-07-26 20:00:00,5
693,2023-07-26 21:00:00,4
694,2023-07-26 22:00:00,1
695,2023-07-26 23:00:00,1
696,2023-07-27 00:00:00,1
697,2023-07-27 01:00:00,2
698,2023-07-27 02:00:00,2
699,2023-07-27 03:00:00,2
700,2023-07-27 04:00:00,4
701,2023-07-27 05:00:00,6
702,2023-07-27 06:00:00,8
703,2023-07-27 07:00:00,10
704,2023-07-27 08:00:00,11
705,2023-07-27 09:00:00,13
706,2023-07-27 10:00:00,12
707,2023-07-27 11:00:00,12
708,2023-07-27 12:00:00,7
709,2023-07-27 13:00:00,5
710,2023-07-27 14:00:00,6
711,2023-07-27 15:00:00,11
712,2023-07-27 16:00:00,13
713,2023-07-27 17:00:00,16
714,2023-07-27 18:00:00,12
715,2023-07-27 19:00:00,11
716,2023-07-27 20:00:00,6
717,2023-07-27 21:00:00,2
718,2023-07-27 22:00:00,6
719,2023-07-27 23:00:00,5
720,2023-07-28 00:00:00,6
721,2023-07-28 01:00:00,6
722,2023-07-28 02:00:00,6
723,2023-07-28 03:00:00,5
724,2023-07-28 04:00:00,4
725,2023-07-28 05:00:00,4
726,2023-07-28 06:00:00,4
727,2023-07-28 07:00:00,6
728,2023-07-28 08:00:00,7
729,2023-07-28 09:00:00,13
730,2023-07-28 10:00:00,10
731,2023-07-28 11:00:00,8
732,2023-07-28 12:00:00,7
733,2023-07-28 13:00:00,14
734,2023-07-28 14:00:00,16
735,2023-07-28 15:00:00,14
736,2023-07-28 16:00:00,16
737,2023-07-28 17:00:00,12
738,2023-07-28 18:00:00,5
739,2023-07-28 19:00:00,5
740,2023-07-28 20:00:00,8
741,2023-07-28 21:00:00,15
742,2023-07-28 22:00:00,14
743,2023-07-28 23:00:00,14
744,2023-07-29 00:00:00,14
745,2023-07-29 01:00:00,14
746,2023-07-29 02:00:00,13
747,2023-07-29 03:00:00,13
748,2023-07-29 04:00:00,12
749,2023-07-29 05:00:00,10
750,2023-07-29 06:00:00,8
751,2023-07-29 07:00:00,10
752,2023-07-29 08:00:00,15
753,2023-07-29 09:00:00,18
754,2023-07-29 10:00:00,16
755,2023-07-29 11:00:00,17
756,2023-07-29 12:00:00,20
757,2023-07-29 13:00:00,21
758,2023-07-29 14:00:00,17
759,2023-07-29 15:00:00,11
760,2023-07-29 16:00:00,12
761,2023-07-29 17:00:00,12
762,2023-07-29 18:00:00,20
763,2023-07-29 19:00:00,18
764,2023-07-29 20:00:00,11
765,2023-07-29 21:00:00,12
766,2023-07-29 22:00:00,8
767,2023-07-29 23:00:00,9
768,2023-07-30 00:00:00,11
769,2023-07-30 01:00:00,12
770,2023-07-30 02:00:00,12
771,2023-07-30 03:00:00,12
772,2023-07-30 04:00:00,11
773,2023-07-30 05:00:00,11
774,2023-07-30 06:00:00,9
775,2023-07-30 07:00:00,11
776,2023-07-30 08:00:00,13
777,2023-07-30 09:00:00,13
778,2023-07-30 10:00:00,11
779,2023-07-30 11:00:00,13
780,2023-07-30 12:00:00,14
781,2023-07-30 13:00:00,15
782,2023-07-30 14:00:00,19
783,2023-07-30 15:00:00,19
784,2023-07-30 16:00:00,16
785,2023-07-30 17:00:00,18
786,2023-07-30 18:00:00,21
787,2023-07-30 19:00:00,18
788,2023-07-30 20:00:00,17
789,2023-07-30 21:00:00,16
790,2023-07-30 22:00:00,16
791,2023-07-30 23:00:00,15
792,2023-07-31 00:00:00,15
793,2023-07-31 01:00:00,15
794,2023-07-31 02:00:00,15
795,2023-07-31 03:00:00,15
796,2023-07-31 04:00:00,16
797,2023-07-31 05:00:00,15
798,2023-07-31 06:00:00,16
799,2023-07-31 07:00:00,16
800,2023-07-31 08:00:00,18
801,2023-07-31 09:00:00,20
802,2023-07-31 10:00:00,21
803,2023-07-31 11:00:00,20
804,2023-07-31 12:00:00,19
805,2023-07-31 13:00:00,18
806,2023-07-31 14:00:00,19
807,2023-07-31 15:00:00,18
808,2023-07-31 16:00:00,17
809,2023-07-31 17:00:00,19
810,2023-07-31 18:00:00,20
811,2023-07-31 19:00:00,17
812,2023-07-31 20:00:00,14
813,2023-07-31 21:00:00,15
814,2023-07-31 22:00:00,15
815,2023-07-31 23:00:00,15
816,2023-08-01 00:00:00,15
817,2023-08-01 01:00:00,15
818,2023-08-01 02:00:00,15
819,2023-08-01 03:00:00,15
820,2023-08-01 04:00:00,14
821,2023-08-01 05:00:00,13
822,2023-08-01 06:00:00,15
823,2023-08-01 07:00:00,16
824,2023-08-01 08:00:00,21
825,2023-08-01 09:00:00,17
826,2023-08-01 10:00:00,17
827,2023-08-01 11:00:00,17
828,2023-08-01 12:00:00,17
829,2023-08-01 13:00:00,17
830,2023-08-01 14:00:00,17
831,2023-08-01 15:00:00,16
832,2023-08-01 16:00:00,17
833,2023-08-01 17:00:00,19
834,2023-08-01 18:00:00,19
835,2023-08-01 19:00:00,19
836,2023-08-01 20:00:00,20
837,2023-08-01 21:00:00,19
838,2023-08-01 22:00:00,18
839,2023-08-01 23:00:00,17
840,2023-08-02 00:00:00,17
841,2023-08-02 01:00:00,17
842,2023-08-02 02:00:00,17
843,2023-08-02 03:00:00,17
844,2023-08-02 04:00:00,20
845,2023-08-02 05:00:00,21
846,2023-08-02 06:00:00,17
847,2023-08-02 07:00:00,20
848,2023-08-02 08:00:00,21
849,2023-08-02 09:00:00,21
850,2023-08-02 10:00:00,18
851,2023-08-02 11:00:00,13
852,2023-08-02 12:00:00,11
853,2023-08-02 13:00:00,13
854,2023-08-02 14:00:00,12
855,2023-08-02 15:00:00,10
856,2023-08-02 16:00:00,8
857,2023-08-02 17:00:00,5
858,2023-08-02 18:00:00,4
859,2023-08-02 19:00:00,1
860,2023-08-02 20:00:00,1
861,2023-08-02 21:00:00,0
862,2023-08-02 22:00:00,0
863,2023-08-02 23:00:00,0
864,2023-08-03 00:00:00,0
865,2023-08-03 01:00:00,0
866,2023-08-03 02:00:00,0
867,2023-08-03 03:00:00,0
868,2023-08-03 04:00:00,2
869,2023-08-03 05:00:00,10
870,2023-08-03 06:00:00,16
871,2023-08-03 07:00:00,19
872,2023-08-03 08:00:00,22
873,2023-08-03 09:00:00,17
874,2023-08-03 10:00:00,21
875,2023-08-03 11:00:00,18
876,2023-08-03 12:00:00,16
877,2023-08-03 13:00:00,12
878,2023-08-03 14:00:00,8
879,2023-08-03 15:00:00,9
880,2023-08-03 16:00:00,10
881,2023-08-03 17:00:00,10
882,2023-08-03 18:00:00,10
883,2023-08-03 19:00:00,8
884,2023-08-03 20:00:00,7
885,2023-08-03 21:00:00,7
886,2023-08-03 22:00:00,7
887,2023-08-03 23:00:00,7
888,2023-08-04 00:00:00,7
889,2023-08-04 01:00:00,7
890,2023-08-04 02:00:00,7
891,2023-08-04 03:00:00,7
892,2023-08-04 04:00:00,7
893,2023-08-04 05:00:00,8
894,2023-08-04 06:00:00,9
895,2023-08-04 07:00:00,9
896,2023-08-04 08:00:00,11
897,2023-08-04 09:00:00,11
898,2023-08-04 10:00:00,12
899,2023-08-04 11:00:00,12
900,2023-08-04 12:00:00,12
901,2023-08-04 13:00:00,11
902,2023-08-04 14:00:00,10
903,2023-08-04 15:00:00,10
904,2023-08-04 16:00:00,10
905,2023-08-04 17:00:00,8
906,2023-08-04 18:00:00,8
907,2023-08-04 19:00:00,8
908,2023-08-04 20:00:00,8
909,2023-08-04 21:00:00,8
910,2023-08-04 22:00:00,7
911,2023-08-04 23:00:00,6
912,2023-08-05 00:00:00,6
913,2023-08-05 01:00:00,6
914,2023-08-05 02:00:00,6
915,2023-08-05 03:00:00,6
916,2023-08-05 04:00:00,6
917,2023-08-05 05:00:00,6
918,2023-08-05 06:00:00,7
919,2023-08-05 07:00:00,7
920,2023-08-05 08:00:00,8
921,2023-08-05 09:00:00,8
922,2023-08-05 10:00:00,8
923,2023-08-05 11:00:00,8
924,2023-08-05 12:00:00,9
925,2023-08-05 13:00:00,9
926,2023-08-05 14:00:00,9
927,2023-08-05 15:00:00,10
928,2023-08-05 16:00:00,9
929,2023-08-05 17:00:00,9
930,2023-08-05 18:00:00,9
931,2023-08-05 19:00:00,7
932,2023-08-05 20:00:00,7
933,2023-08-05 21:00:00,7
934,2023-08-05 22:00:00,7
935,2023-08-05 23:00:00,6
936,2023-08-06 00:00:00,5
937,2023-08-06 01:00:00,4
938,2023-08-06 02:00:00,4
939,2023-08-06 03:00:00,4
940,2023-08-06 04:00:00,4
941,2023-08-06 05:00:00,4
942,2023-08-06 06:00:00,4
943,2023-08-06 07:00:00,4
944,2023-08-06 08:00:00,4
945,2023-08-06 09:00:00,4
946,2023-08-06 10:00:00,4
947,2023-08-06 11:00:00,6
948,2023-08-06 12:00:00,8
949,2023-08-06 13:00:00,9
950,2023-08-06 14:00:00,11
951,2023-08-06 15:00:00,12
952,2023-08-06 16:00:00,13
953,2023-08-06 17:00:00,14
954,2023-08-06 18:00:00,13
955,2023-08-06 19:00:00,14
956,2023-08-06 20:00:00,14
957,2023-08-06 21:00:00,14
958,2023-08-06 22:00:00,13
959,2023-08-06 23:00:00,12
960,2023-08-07 00:00:00,13
961,2023-08-07 01:00:00,14
962,2023-08-07 02:00:00,14
963,2023-08-07 03:00:00,14
964,2023-08-07 04:00:00,16
965,2023-08-07 05:00:00,19
966,2023-08-07 06:00:00,19
967,2023-08-07 07:00:00,19
968,2023-08-07 08:00:00,20
969,2023-08-07 09:00:00,21
970,2023-08-07 10:00:00,17
971,2023-08-07 11:00:00,19
972,2023-08-07 12:00:00,16
973,2023-08-07 13:00:00,13
974,2023-08-07 14:00:00,8
975,2023-08-07 15:00:00,13
976,2023-08-07 16:00:00,13
977,2023-08-07 17:00:00,12
978,2023-08-07 18:00:00,14
979,2023-08-07 19:00:00,14
980,2023-08-07 20:00:00,11
981,2023-08-07 21:00:00,10
982,2023-08-07 22:00:00,10
983,2023-08-07 23:00:00,9
984,2023-08-08 00:00:00,9
985,2023-08-08 01:00:00,9
986,2023-08-08 02:00:00,8
987,2023-08-08 03:00:00,8
988,2023-08-08 04:00:00,9
989,2023-08-08 05:00:00,12
990,2023-08-08 06:00:00,17
991,2023-08-08 07:00:00,21
992,2023-08-08 08:00:00,21
993,2023-08-08 09:00:00,21
994,2023-08-08 10:00:00,21
995,2023-08-08 11:00:00,17
996,2023-08-08 12:00:00,13
997,2023-08-08 13:00:00,9
998,2023-08-08 14:00:00,5
999,2023-08-08 15:00:00,4
1000,2023-08-08 16:00:00,6
1001,2023-08-08 17:00:00,5
1002,2023-08-08 18:00:00,4
1003,2023-08-08 19:00:00,4
1004,2023-08-08 20:00:00,3
1005,2023-08-08 21:00:00,3
1006,2023-08-08 22:00:00,2
1007,2023-08-08 23:00:00,2
1008,2023-08-09 00:00:00,2
1009,2023-08-09 01:00:00,2
1010,2023-08-09 02:00:00,1
1011,2023-08-09 03:00:00,2
1012,2023-08-09 04:00:00,3
1013,2023-08-09 05:00:00,6
1014,2023-08-09 06:00:00,15
1015,2023-08-09 07:00:00,15
1016,2023-08-09 08:00:00,17
1017,2023-08-09 09:00:00,19
1018,2023-08-09 10:00:00,19
1019,2023-08-09 11:00:00,17
1020,2023-08-09 12:00:00,15
1021,2023-08-09 13:00:00,16
1022,2023-08-09 14:00:00,15
1023,2023-08-09 15:00:00,16
1024,2023-08-09 16:00:00,21
1025,2023-08-09 17:00:00,20
1026,2023-08-09 18:00:00,19
1027,2023-08-09 19:00:00,19
1028,2023-08-09 20:00:00,19
1029,2023-08-09 21:00:00,20
1030,2023-08-09 22:00:00,19
1031,2023-08-09 23:00:00,18
1032,2023-08-10 00:00:00,18
1033,2023-08-10 01:00:00,18
1034,2023-08-10 02:00:00,18
1035,2023-08-10 03:00:00,19
1036,2023-08-10 04:00:00,20
1037,2023-08-10 05:00:00,20
1038,2023-08-10 06:00:00,21
1039,2023-08-10 07:00:00,19
1040,2023-08-10 08:00:00,20
1041,2023-08-10 09:00:00,20
1042,2023-08-10 10:00:00,18
1043,2023-08-10 11:00:00,20
1044,2023-08-10 12:00:00,16
1045,2023-08-10 13:00:00,12
1046,2023-08-10 14:00:00,16
1047,2023-08-10 15:00:00,15
1048,2023-08-10 16:00:00,17
1049,2023-08-10 17:00:00,20
1050,2023-08-10 18:00:00,20
1051,2023-08-10 19:00:00,20
1052,2023-08-10 20:00:00,20
1053,2023-08-10 21:00:00,20
1054,2023-08-10 22:00:00,17
1055,2023-08-10 23:00:00,14
1056,2023-08-11 00:00:00,14
1057,2023-08-11 01:00:00,14
1058,2023-08-11 02:00:00,14
1059,2023-08-11 03:00:00,15
1060,2023-08-11 04:00:00,15
1061,2023-08-11 05:00:00,18
1062,2023-08-11 06:00:00,17
1063,2023-08-11 07:00:00,13
1064,2023-08-11 08:00:00,16
1065,2023-08-11 09:00:00,19
1066,2023-08-11 10:00:00,17
1067,2023-08-11 11:00:00,20
1068,2023-08-11 12:00:00,18
1069,2023-08-11 13:00:00,20
1070,2023-08-11 14:00:00,18
1071,2023-08-11 15:00:00,16
1072,2023-08-11 16:00:00,15
1073,2023-08-11 17:00:00,15
1074,2023-08-11 18:00:00,15
1075,2023-08-11 19:00:00,12
1076,2023-08-11 20:00:00,12
1077,2023-08-11 21:00:00,12
1078,2023-08-11 22:00:00,12
1079,2023-08-11 23:00:00,12
1080,2023-08-12 00:00:00,11
1081,2023-08-12 01:00:00,10
1082,2023-08-12 02:00:00,10
1083,2023-08-12 03:00:00,10
1084,2023-08-12 04:00:00,11
1085,2023-08-12 05:00:00,14
1086,2023-08-12 06:00:00,17
1087,2023-08-12 07:00:00,20
1088,2023-08-12 08:00:00,20
1089,2023-08-12 09:00:00,19
1090,2023-08-12 10:00:00,21
1091,2023-08-12 11:00:00,21
1092,2023-08-12 12:00:00,18
1093,2023-08-12 13:00:00,21
1094,2023-08-12 14:00:00,19
1095,2023-08-12 15:00:00,20
1096,2023-08-12 16:00:00,20
1097,2023-08-12 17:00:00,19
1098,2023-08-12 18:00:00,19
1099,2023-08-12 19:00:00,13
1100,2023-08-12 20:00:00,15
1101,2023-08-12 21:00:00,16
1102,2023-08-12 22:00:00,15
1103,2023-08-12 23:00:00,15
1104,2023-08-13 00:00:00,15
1105,2023-08-13 01:00:00,15
1106,2023-08-13 02:00:00,15
1107,2023-08-13 03:00:00,15
1108,2023-08-13 04:00:00,14
1109,2023-08-13 05:00:00,15
1110,2023-08-13 06:00:00,18
1111,2023-08-13 07:00:00,19
1112,2023-08-13 08:00:00,21
1113,2023-08-13 09:00:00,21
1114,2023-08-13 10:00:00,19
1115,2023-08-13 11:00:00,18
1116,2023-08-13 12:00:00,19
1117,2023-08-13 13:00:00,14
1118,2023-08-13 14:00:00,15
1119,2023-08-13 15:00:00,18
1120,2023-08-13 16:00:00,18
1121,2023-08-13 17:00:00,20
1122,2023-08-13 18:00:00,16
1123,2023-08-13 19:00:00,14
1124,2023-08-13 20:00:00,15
1125,2023-08-13 21:00:00,16
1126,2023-08-13 22:00:00,14
1127,2023-08-13 23:00:00,12
1128,2023-08-14 00:00:00,11
1129,2023-08-14 01:00:00,10
1130,2023-08-14 02:00:00,9
1131,2023-08-14 03:00:00,9
1132,2023-08-14 04:00:00,9
1133,2023-08-14 05:00:00,11
1134,2023-08-14 06:00:00,16
1135,2023-08-14 07:00:00,19
1136,2023-08-14 08:00:00,17
1137,2023-08-14 09:00:00,13
1138,2023-08-14 10:00:00,14
1139,2023-08-14 11:00:00,17
1140,2023-08-14 12:00:00,20
1141,2023-08-14 13:00:00,19
1142,2023-08-14 14:00:00,20
1143,2023-08-14 15:00:00,21
1144,2023-08-14 16:00:00,20
1145,2023-08-14 17:00:00,21
1146,2023-08-14 18:00:00,21
1147,2023-08-14 19:00:00,17
1148,2023-08-14 20:00:00,11
1149,2023-08-14 21:00:00,13
1150,2023-08-14 22:00:00,13
1151,2023-08-14 23:00:00,13
1152,2023-08-15 00:00:00,14
1153,2023-08-15 01:00:00,14
1154,2023-08-15 02:00:00,13
1155,2023-08-15 03:00:00,13
1156,2023-08-15 04:00:00,15
1157,2023-08-15 05:00:00,17
1158,2023-08-15 06:00:00,18
1159,2023-08-15 07:00:00,18
1160,2023-08-15 08:00:00,18
1161,2023-08-15 09:00:00,17
1162,2023-08-15 10:00:00,19
1163,2023-08-15 11:00:00,20
1164,2023-08-15 12:00:00,17
1165,2023-08-15 13:00:00,14
1166,2023-08-15 14:00:00,14
1167,2023-08-15 15:00:00,14
1168,2023-08-15 16:00:00,15
1169,2023-08-15 17:00:00,17
1170,2023-08-15 18:00:00,16
1171,2023-08-15 19:00:00,13
1172,2023-08-15 20:00:00,13
1173,2023-08-15 21:00:00,12
1174,2023-08-15 22:00:00,13
1175,2023-08-15 23:00:00,13
1176,2023-08-16 00:00:00,13
1177,2023-08-16 01:00:00,13
1178,2023-08-16 02:00:00,14
1179,2023-08-16 03:00:00,14
1180,2023-08-16 04:00:00,15
1181,2023-08-16 05:00:00,19
1182,2023-08-16 06:00:00,20
1183,2023-08-16 07:00:00,20
1184,2023-08-16 08:00:00,20
1185,2023-08-16 09:00:00,19
1186,2023-08-16 10:00:00,20
1187,2023-08-16 11:00:00,14
1188,2023-08-16 12:00:00,17
1189,2023-08-16 13:00:00,21
1190,2023-08-16 14:00:00,16
1191,2023-08-16 15:00:00,15
1192,2023-08-16 16:00:00,14
1193,2023-08-16 17:00:00,17
1194,2023-08-16 18:00:00,20
1195,2023-08-16 19:00:00,17
1196,2023-08-16 20:00:00,17
1197,2023-08-16 21:00:00,17
1198,2023-08-16 22:00:00,17
1199,2023-08-16 23:00:00,17
1200,2023-08-17 00:00:00,17
1201,2023-08-17 01:00:00,17
1202,2023-08-17 02:00:00,17
1203,2023-08-17 03:00:00,18
1204,2023-08-17 04:00:00,19
1205,2023-08-17 05:00:00,21
1206,2023-08-17 06:00:00,21
1207,2023-08-17 07:00:00,19
1208,2023-08-17 08:00:00,21
1209,2023-08-17 09:00:00,20
1210,2023-08-17 10:00:00,19
1211,2023-08-17 11:00:00,15
1212,2023-08-17 12:00:00,11
1213,2023-08-17 13:00:00,9
1214,2023-08-17 14:00:00,4
1215,2023-08-17 15:00:00,11
1216,2023-08-17 16:00:00,16
1217,2023-08-17 17:00:00,16
1218,2023-08-17 18:00:00,16
1219,2023-08-17 19:00:00,11
1220,2023-08-17 20:00:00,4
1221,2023-08-17 21:00:00,3
1222,2023-08-17 22:00:00,5
1223,2023-08-17 23:00:00,5
1224,2023-08-18 00:00:00,5
1225,2023-08-18 01:00:00,5
1226,2023-08-18 02:00:00,5
1227,2023-08-18 03:00:00,5
1228,2023-08-18 04:00:00,6
1229,2023-08-18 05:00:00,13
1230,2023-08-18 06:00:00,20
1231,2023-08-18 07:00:00,19
1232,2023-08-18 08:00:00,18
1233,2023-08-18 09:00:00,19
1234,2023-08-18 10:00:00,17
1235,2023-08-18 11:00:00,14
1236,2023-08-18 12:00:00,13
1237,2023-08-18 13:00:00,14
1238,2023-08-18 14:00:00,15
1239,2023-08-18 15:00:00,16
1240,2023-08-18 16:00:00,18
1241,2023-08-18 17:00:00,22
1242,2023-08-18 18:00:00,20
1243,2023-08-18 19:00:00,19
1244,2023-08-18 20:00:00,18
1245,2023-08-18 21:00:00,15
1246,2023-08-18 22:00:00,13
1247,2023-08-18 23:00:00,12
1248,2023-08-19 00:00:00,7
1249,2023-08-19 01:00:00,6
1250,2023-08-19 02:00:00,6
1251,2023-08-19 03:00:00,6
1252,2023-08-19 04:00:00,7
1253,2023-08-19 05:00:00,9
1254,2023-08-19 06:00:00,12
1255,2023-08-19 07:00:00,13
1256,2023-08-19 08:00:00,13
1257,2023-08-19 09:00:00,15
1258,2023-08-19 10:00:00,15
1259,2023-08-19 11:00:00,16
1260,2023-08-19 12:00:00,15
1261,2023-08-19 13:00:00,17
1262,2023-08-19 14:00:00,15
1263,2023-08-19 15:00:00,12
1264,2023-08-19 16:00:00,18
1265,2023-08-19 17:00:00,20
1266,2023-08-19 18:00:00,18
1267,2023-08-19 19:00:00,18
1268,2023-08-19 20:00:00,21
1269,2023-08-19 21:00:00,18
1270,2023-08-19 22:00:00,16
1271,2023-08-19 23:00:00,16
1272,2023-08-20 00:00:00,16
1273,2023-08-20 01:00:00,15
1274,2023-08-20 02:00:00,15
1275,2023-08-20 03:00:00,17
1276,2023-08-20 04:00:00,15
1277,2023-08-20 05:00:00,15
1278,2023-08-20 06:00:00,15
1279,2023-08-20 07:00:00,16
1280,2023-08-20 08:00:00,19
1281,2023-08-20 09:00:00,20
1282,2023-08-20 10:00:00,19
1283,2023-08-20 11:00:00,18
1284,2023-08-20 12:00:00,20
1285,2023-08-20 13:00:00,18
1286,2023-08-20 14:00:00,15
1287,2023-08-20 15:00:00,16
1288,2023-08-20 16:00:00,14
1289,2023-08-20 17:00:00,16
1290,2023-08-20 18:00:00,15
1291,2023-08-20 19:00:00,10
1292,2023-08-20 20:00:00,10
1293,2023-08-20 21:00:00,9
1294,2023-08-20 22:00:00,8
1295,2023-08-20 23:00:00,8
1296,2023-08-21 00:00:00,7
1297,2023-08-21 01:00:00,7
1298,2023-08-21 02:00:00,7
1299,2023-08-21 03:00:00,7
1300,2023-08-21 04:00:00,7
1301,2023-08-21 05:00:00,12
1302,2023-08-21 06:00:00,18
1303,2023-08-21 07:00:00,20
1304,2023-08-21 08:00:00,21
1305,2023-08-21 09:00:00,20
1306,2023-08-21 10:00:00,16
1307,2023-08-21 11:00:00,19
1308,2023-08-21 12:00:00,15
1309,2023-08-21 13:00:00,14
1310,2023-08-21 14:00:00,13
1311,2023-08-21 15:00:00,13
1312,2023-08-21 16:00:00,11
1313,2023-08-21 17:00:00,8
1314,2023-08-21 18:00:00,7
1315,2023-08-21 19:00:00,3
1316,2023-08-21 20:00:00,2
1317,2023-08-21 21:00:00,0
1318,2023-08-21 22:00:00,0
1319,2023-08-21 23:00:00,0
1320,2023-08-22 00:00:00,0
1321,2023-08-22 01:00:00,0
1322,2023-08-22 02:00:00,0
1323,2023-08-22 03:00:00,0
1324,2023-08-22 04:00:00,1
1325,2023-08-22 05:00:00,6
1326,2023-08-22 06:00:00,8
1327,2023-08-22 07:00:00,11
1328,2023-08-22 08:00:00,19
1329,2023-08-22 09:00:00,19
1330,2023-08-22 10:00:00,18
1331,2023-08-22 11:00:00,15
1332,2023-08-22 12:00:00,12
1333,2023-08-22 13:00:00,12
1334,2023-08-22 14:00:00,10
1335,2023-08-22 15:00:00,10
1336,2023-08-22 16:00:00,1
1337,2023-08-22 17:00:00,5
1338,2023-08-22 18:00:00,6
1339,2023-08-22 19:00:00,10
1340,2023-08-22 20:00:00,9
1341,2023-08-22 21:00:00,8
1342,2023-08-22 22:00:00,10
1343,2023-08-22 23:00:00,11
1344,2023-08-23 00:00:00,11
1345,2023-08-23 01:00:00,11
1346,2023-08-23 02:00:00,11
1347,2023-08-23 03:00:00,11
1348,2023-08-23 04:00:00,13
1349,2023-08-23 05:00:00,14
1350,2023-08-23 06:00:00,16
1351,2023-08-23 07:00:00,19
1352,2023-08-23 08:00:00,19
1353,2023-08-23 09:00:00,21
1354,2023-08-23 10:00:00,21
1355,2023-08-23 11:00:00,17
1356,2023-08-23 12:00:00,15
1357,2023-08-23 13:00:00,9
1358,2023-08-23 14:00:00,14
1359,2023-08-23 15:00:00,11
1360,2023-08-23 16:00:00,10
1361,2023-08-23 17:00:00,5
1362,2023-08-23 18:00:00,1
1363,2023-08-23 19:00:00,1
1364,2023-08-23 20:00:00,0
1365,2023-08-23 21:00:00,0
1366,2023-08-23 22:00:00,1
1367,2023-08-23 23:00:00,0
1368,2023-08-24 00:00:00,0
1369,2023-08-24 01:00:00,0
1370,2023-08-24 02:00:00,0
1371,2023-08-24 03:00:00,0
1372,2023-08-24 04:00:00,0
1373,2023-08-24 05:00:00,5
1374,2023-08-24 06:00:00,12
1375,2023-08-24 07:00:00,18
1376,2023-08-24 08:00:00,22
1377,2023-08-24 09:00:00,20
1378,2023-08-24 10:00:00,18
1379,2023-08-24 11:00:00,16
1380,2023-08-24 12:00:00,15
1381,2023-08-24 13:00:00,20
1382,2023-08-24 14:00:00,16
1383,2023-08-24 15:00:00,15
1384,2023-08-24 16:00:00,14
1385,2023-08-24 17:00:00,13
1386,2023-08-24 18:00:00,14
1387,2023-08-24 19:00:00,12
1388,2023-08-24 20:00:00,8
1389,2023-08-24 21:00:00,4
1390,2023-08-24 22:00:00,1
1391,2023-08-24 23:00:00,0
1392,2023-08-25 00:00:00,0
1393,2023-08-25 01:00:00,0
1394,2023-08-25 02:00:00,1
1395,2023-08-25 03:00:00,2
1396,2023-08-25 04:00:00,1
1397,2023-08-25 05:00:00,7
1398,2023-08-25 06:00:00,11
1399,2023-08-25 07:00:00,18
1400,2023-08-25 08:00:00,19
1401,2023-08-25 09:00:00,20
1402,2023-08-25 10:00:00,17
1403,2023-08-25 11:00:00,19
1404,2023-08-25 12:00:00,19
1405,2023-08-25 13:00:00,15
1406,2023-08-25 14:00:00,17
1407,2023-08-25 15:00:00,15
1408,2023-08-25 16:00:00,19
1409,2023-08-25 17:00:00,20
1410,2023-08-25 18:00:00,20
1411,2023-08-25 19:00:00,19
1412,2023-08-25 20:00:00,17
1413,2023-08-25 21:00:00,14
1414,2023-08-25 22:00:00,11
1415,2023-08-25 23:00:00,7
1416,2023-08-26 00:00:00,4
1417,2023-08-26 01:00:00,3
1418,2023-08-26 02:00:00,3
1419,2023-08-26 03:00:00,4
1420,2023-08-26 04:00:00,4
1421,2023-08-26 05:00:00,4
1422,2023-08-26 06:00:00,6
1423,2023-08-26 07:00:00,8
1424,2023-08-26 08:00:00,10
1425,2023-08-26 09:00:00,14
1426,2023-08-26 10:00:00,15
1427,2023-08-26 11:00:00,19
1428,2023-08-26 12:00:00,18
1429,2023-08-26 13:00:00,17
1430,2023-08-26 14:00:00,17
1431,2023-08-26 15:00:00,17
1432,2023-08-26 16:00:00,18
1433,2023-08-26 17:00:00,20
1434,2023-08-26 18:00:00,19
1435,2023-08-26 19:00:00,16
1436,2023-08-26 20:00:00,16
1437,2023-08-26 21:00:00,15
1438,2023-08-26 22:00:00,13
1439,2023-08-26 23:00:00,10
1440,2023-08-27 00:00:00,10
1441,2023-08-27 01:00:00,10
1442,2023-08-27 02:00:00,9
1443,2023-08-27 03:00:00,9
1444,2023-08-27 04:00:00,10
1445,2023-08-27 05:00:00,9
1446,2023-08-27 06:00:00,10
1447,2023-08-27 07:00:00,9
1448,2023-08-27 08:00:00,9
1449,2023-08-27 09:00:00,10
1450,2023-08-27 10:00:00,12
1451,2023-08-27 11:00:00,13
1452,2023-08-27 12:00:00,13
1453,2023-08-27 13:00:00,14
1454,2023-08-27 14:00:00,12
1455,2023-08-27 15:00:00,10
1456,2023-08-27 16:00:00,8
1457,2023-08-27 17:00:00,8
1458,2023-08-27 18:00:00,9
1459,2023-08-27 19:00:00,17
1460,2023-08-27 20:00:00,14
1461,2023-08-27 21:00:00,11
1462,2023-08-27 22:00:00,9
1463,2023-08-27 23:00:00,7
1464,2023-08-28 00:00:00,6
1465,2023-08-28 01:00:00,6
1466,2023-08-28 02:00:00,7
1467,2023-08-28 03:00:00,7
1468,2023-08-28 04:00:00,8
1469,2023-08-28 05:00:00,15
1470,2023-08-28 06:00:00,20
1471,2023-08-28 07:00:00,20
1472,2023-08-28 08:00:00,16
1473,2023-08-28 09:00:00,16
1474,2023-08-28 10:00:00,15
1475,2023-08-28 11:00:00,19
1476,2023-08-28 12:00:00,18
1477,2023-08-28 13:00:00,16
1478,2023-08-28 14:00:00,11
1479,2023-08-28 15:00:00,15
1480,2023-08-28 16:00:00,16
1481,2023-08-28 17:00:00,15
1482,2023-08-28 18:00:00,15
1483,2023-08-28 19:00:00,16
1484,2023-08-28 20:00:00,14
1485,2023-08-28 21:00:00,14
1486,2023-08-28 22:00:00,13
1487,2023-08-28 23:00:00,14
1488,2023-08-29 00:00:00,14
1489,2023-08-29 01:00:00,14
1490,2023-08-29 02:00:00,14
1491,2023-08-29 03:00:00,14
1492,2023-08-29 04:00:00,14
1493,2023-08-29 05:00:00,15
1494,2023-08-29 06:00:00,15
1495,2023-08-29 07:00:00,16
1496,2023-08-29 08:00:00,18
1497,2023-08-29 09:00:00,21
1498,2023-08-29 10:00:00,20
1499,2023-08-29 11:00:00,18
1500,2023-08-29 12:00:00,19
1501,2023-08-29 13:00:00,18
1502,2023-08-29 14:00:00,16
1503,2023-08-29 15:00:00,17
1504,2023-08-29 16:00:00,18
1505,2023-08-29 17:00:00,17
1506,2023-08-29 18:00:00,15
1507,2023-08-29 19:00:00,14
1508,2023-08-29 20:00:00,12
1509,2023-08-29 21:00:00,12
1510,2023-08-29 22:00:00,12
1511,2023-08-29 23:00:00,12
1512,2023-08-30 00:00:00,11
1513,2023-08-30 01:00:00,12
1514,2023-08-30 02:00:00,12
1515,2023-08-30 03:00:00,12
1516,2023-08-30 04:00:00,12
1517,2023-08-30 05:00:00,12
1518,2023-08-30 06:00:00,15
1519,2023-08-30 07:00:00,15
1520,2023-08-30 08:00:00,15
1521,2023-08-30 09:00:00,20
1522,2023-08-30 10:00:00,18
1523,2023-08-30 11:00:00,20
1524,2023-08-30 12:00:00,20
1525,2023-08-30 13:00:00,20
1526,2023-08-30 14:00:00,17
1527,2023-08-30 15:00:00,18
1528,2023-08-30 16:00:00,19
1529,2023-08-30 17:00:00,17
1530,2023-08-30 18:00:00,16
1531,2023-08-30 19:00:00,14
1532,2023-08-30 20:00:00,13
1533,2023-08-30 21:00:00,13
1534,2023-08-30 22:00:00,13
1535,2023-08-30 23:00:00,13
1536,2023-08-31 00:00:00,13
1537,2023-08-31 01:00:00,13
1538,2023-08-31 02:00:00,12
1539,2023-08-31 03:00:00,12
1540,2023-08-31 04:00:00,12
1541,2023-08-31 05:00:00,17
1542,2023-08-31 06:00:00,17
1543,2023-08-31 07:00:00,18
1544,2023-08-31 08:00:00,18
1545,2023-08-31 09:00:00,20
1546,2023-08-31 10:00:00,18
1547,2023-08-31 11:00:00,21
1548,2023-08-31 12:00:00,17
1549,2023-08-31 13:00:00,11
1550,2023-08-31 14:00:00,13
1551,2023-08-31 15:00:00,16
1552,2023-08-31 16:00:00,14
1553,2023-08-31 17:00:00,9
1554,2023-08-31 18:00:00,6
1555,2023-08-31 19:00:00,7
1556,2023-08-31 20:00:00,4
1557,2023-08-31 21:00:00,1
1558,2023-08-31 22:00:00,0
1559,2023-08-31 23:00:00,0
1560,2023-09-01 00:00:00,0
1561,2023-09-01 01:00:00,1
1562,2023-09-01 02:00:00,1
1563,2023-09-01 03:00:00,2
1564,2023-09-01 04:00:00,2
1565,2023-09-01 05:00:00,4
1566,2023-09-01 06:00:00,12
1567,2023-09-01 07:00:00,17
1568,2023-09-01 08:00:00,20
1569,2023-09-01 09:00:00,20
1570,2023-09-01 10:00:00,20
1571,2023-09-01 11:00:00,17
1572,2023-09-01 12:00:00,13
1573,2023-09-01 13:00:00,15
1574,2023-09-01 14:00:00,20
1575,2023-09-01 15:00:00,16
1576,2023-09-01 16:00:00,20
1577,2023-09-01 17:00:00,18
1578,2023-09-01 18:00:00,19
1579,2023-09-01 19:00:00,8
1580,2023-09-01 20:00:00,3
1581,2023-09-01 21:00:00,7
1582,2023-09-01 22:00:00,7
1583,2023-09-01 23:00:00,6
1584,2023-09-02 00:00:00,9
1585,2023-09-02 01:00:00,9
1586,2023-09-02 02:00:00,8
1587,2023-09-02 03:00:00,8
1588,2023-09-02 04:00:00,8
1589,2023-09-02 05:00:00,9
1590,2023-09-02 06:00:00,11
1591,2023-09-02 07:00:00,16
1592,2023-09-02 08:00:00,21
1593,2023-09-02 09:00:00,21
1594,2023-09-02 10:00:00,20
1595,2023-09-02 11:00:00,21
1596,2023-09-02 12:00:00,21
1597,2023-09-02 13:00:00,22
1598,2023-09-02 14:00:00,21
1599,2023-09-02 15:00:00,19
1600,2023-09-02 16:00:00,20
1601,2023-09-02 17:00:00,19
1602,2023-09-02 18:00:00,13
1603,2023-09-02 19:00:00,5
1604,2023-09-02 20:00:00,1
1605,2023-09-02 21:00:00,1
1606,2023-09-02 22:00:00,5
1607,2023-09-02 23:00:00,5
1608,2023-09-03 00:00:00,4
1609,2023-09-03 01:00:00,3
1610,2023-09-03 02:00:00,3
1611,2023-09-03 03:00:00,5
1612,2023-09-03 04:00:00,5
1613,2023-09-03 05:00:00,5
1614,2023-09-03 06:00:00,6
1615,2023-09-03 07:00:00,7
1616,2023-09-03 08:00:00,10
1617,2023-09-03 09:00:00,16
1618,2023-09-03 10:00:00,16
1619,2023-09-03 11:00:00,18
1620,2023-09-03 12:00:00,19
1621,2023-09-03 13:00:00,21
1622,2023-09-03 14:00:00,21
1623,2023-09-03 15:00:00,21
1624,2023-09-03 16:00:00,20
1625,2023-09-03 17:00:00,20
1626,2023-09-03 18:00:00,17
1627,2023-09-03 19:00:00,13
1628,2023-09-03 20:00:00,11
1629,2023-09-03 21:00:00,10
1630,2023-09-03 22:00:00,9
1631,2023-09-03 23:00:00,9
1632,2023-09-04 00:00:00,10
1633,2023-09-04 01:00:00,11
1634,2023-09-04 02:00:00,12
1635,2023-09-04 03:00:00,13
1636,2023-09-04 04:00:00,14
1637,2023-09-04 05:00:00,17
1638,2023-09-04 06:00:00,16
1639,2023-09-04 07:00:00,20
1640,2023-09-04 08:00:00,21
1641,2023-09-04 09:00:00,21
1642,2023-09-04 10:00:00,18
1643,2023-09-04 11:00:00,17
1644,2023-09-04 12:00:00,18
1645,2023-09-04 13:00:00,18
1646,2023-09-04 14:00:00,19
1647,2023-09-04 15:00:00,18
1648,2023-09-04 16:00:00,19
1649,2023-09-04 17:00:00,17
1650,2023-09-04 18:00:00,17
1651,2023-09-04 19:00:00,15
1652,2023-09-04 20:00:00,9
1653,2023-09-04 21:00:00,8
1654,2023-09-04 22:00:00,7
1655,2023-09-04 23:00:00,6
1656,2023-09-05 00:00:00,6
1657,2023-09-05 01:00:00,6
1658,2023-09-05 02:00:00,7
1659,2023-09-05 03:00:00,7
1660,2023-09-05 04:00:00,9
1661,2023-09-05 05:00:00,19
1662,2023-09-05 06:00:00,20
1663,2023-09-05 07:00:00,20
1664,2023-09-05 08:00:00,18
1665,2023-09-05 09:00:00,20
1666,2023-09-05 10:00:00,19
1667,2023-09-05 11:00:00,20
1668,2023-09-05 12:00:00,20
1669,2023-09-05 13:00:00,20
1670,2023-09-05 14:00:00,18
1671,2023-09-05 15:00:00,20
1672,2023-09-05 16:00:00,17
1673,2023-09-05 17:00:00,5
1674,2023-09-05 18:00:00,4
1675,2023-09-05 19:00:00,1
1676,2023-09-05 20:00:00,0
1677,2023-09-05 21:00:00,0
1678,2023-09-05 22:00:00,0
1679,2023-09-05 23:00:00,1
1680,2023-09-06 00:00:00,1
1681,2023-09-06 01:00:00,1
1682,2023-09-06 02:00:00,1
1683,2023-09-06 03:00:00,0
1684,2023-09-06 04:00:00,1
1685,2023-09-06 05:00:00,10
1686,2023-09-06 06:00:00,20
1687,2023-09-06 07:00:00,17
1688,2023-09-06 08:00:00,20
1689,2023-09-06 09:00:00,21
1690,2023-09-06 10:00:00,20
1691,2023-09-06 11:00:00,19
1692,2023-09-06 12:00:00,14
1693,2023-09-06 13:00:00,13
1694,2023-09-06 14:00:00,15
1695,2023-09-06 15:00:00,14
1696,2023-09-06 16:00:00,13
1697,2023-09-06 17:00:00,10
1698,2023-09-06 18:00:00,5
1699,2023-09-06 19:00:00,2
1700,2023-09-06 20:00:00,3
1701,2023-09-06 21:00:00,0
1702,2023-09-06 22:00:00,0
1703,2023-09-06 23:00:00,0
1704,2023-09-07 00:00:00,0
1705,2023-09-07 01:00:00,1
1706,2023-09-07 02:00:00,2
1707,2023-09-07 03:00:00,2
1708,2023-09-07 04:00:00,4
1709,2023-09-07 05:00:00,15
1710,2023-09-07 06:00:00,17
1711,2023-09-07 07:00:00,10
1712,2023-09-07 08:00:00,14
1713,2023-09-07 09:00:00,15
1714,2023-09-07 10:00:00,15
1715,2023-09-07 11:00:00,15
1716,2023-09-07 12:00:00,17
1717,2023-09-07 13:00:00,15
1718,2023-09-07 14:00:00,16
1719,2023-09-07 15:00:00,14
1720,2023-09-07 16:00:00,20
1721,2023-09-07 17:00:00,16
1722,2023-09-07 18:00:00,14
1723,2023-09-07 19:00:00,13
1724,2023-09-07 20:00:00,9
1725,2023-09-07 21:00:00,6
1726,2023-09-07 22:00:00,0
1727,2023-09-07 23:00:00,0
1728,2023-09-08 00:00:00,0
1729,2023-09-08 01:00:00,0
1730,2023-09-08 02:00:00,1
1731,2023-09-08 03:00:00,1
1732,2023-09-08 04:00:00,4
1733,2023-09-08 05:00:00,13
1734,2023-09-08 06:00:00,21
1735,2023-09-08 07:00:00,20
1736,2023-09-08 08:00:00,19
1737,2023-09-08 09:00:00,21
1738,2023-09-08 10:00:00,19
1739,2023-09-08 11:00:00,21
1740,2023-09-08 12:00:00,20
1741,2023-09-08 13:00:00,19
1742,2023-09-08 14:00:00,18
1743,2023-09-08 15:00:00,12
1744,2023-09-08 16:00:00,11
1745,2023-09-08 17:00:00,11
1746,2023-09-08 18:00:00,15
1747,2023-09-08 19:00:00,6
1748,2023-09-08 20:00:00,2
1749,2023-09-08 21:00:00,0
1750,2023-09-08 22:00:00,4
1751,2023-09-08 23:00:00,11
1752,2023-09-09 00:00:00,20
1753,2023-09-09 01:00:00,21
1754,2023-09-09 02:00:00,22
1755,2023-09-09 03:00:00,22
1756,2023-09-09 04:00:00,22
1757,2023-09-09 05:00:00,22
1758,2023-09-09 06:00:00,21
1759,2023-09-09 07:00:00,21
1760,2023-09-09 08:00:00,20
1761,2023-09-09 09:00:00,20
1762,2023-09-09 10:00:00,21
1763,2023-09-09 11:00:00,21
1764,2023-09-09 12:00:00,20
1765,2023-09-09 13:00:00,18
1766,2023-09-09 14:00:00,17
1767,2023-09-09 15:00:00,20
1768,2023-09-09 16:00:00,21
1769,2023-09-09 17:00:00,21
1770,2023-09-09 18:00:00,19
1771,2023-09-09 19:00:00,18
1772,2023-09-09 20:00:00,16
1773,2023-09-09 21:00:00,13
1774,2023-09-09 22:00:00,14
1775,2023-09-09 23:00:00,12
1776,2023-09-10 00:00:00,10
1777,2023-09-10 01:00:00,9
1778,2023-09-10 02:00:00,9
1779,2023-09-10 03:00:00,9
1780,2023-09-10 04:00:00,9
1781,2023-09-10 05:00:00,10
1782,2023-09-10 06:00:00,12
1783,2023-09-10 07:00:00,14
1784,2023-09-10 08:00:00,20
1785,2023-09-10 09:00:00,19
1786,2023-09-10 10:00:00,18
1787,2023-09-10 11:00:00,17
1788,2023-09-10 12:00:00,20
1789,2023-09-10 13:00:00,19
1790,2023-09-10 14:00:00,19
1791,2023-09-10 15:00:00,20
1792,2023-09-10 16:00:00,18
1793,2023-09-10 17:00:00,17
1794,2023-09-10 18:00:00,18
1795,2023-09-10 19:00:00,16
1796,2023-09-10 20:00:00,15
1797,2023-09-10 21:00:00,15
1798,2023-09-10 22:00:00,14
1799,2023-09-10 23:00:00,14
1800,2023-09-11 00:00:00,14
1801,2023-09-11 01:00:00,14
1802,2023-09-11 02:00:00,15
1803,2023-09-11 03:00:00,16
1804,2023-09-11 04:00:00,18
1805,2023-09-11 05:00:00,21
1806,2023-09-11 06:00:00,20
1807,2023-09-11 07:00:00,19
1808,2023-09-11 08:00:00,20
1809,2023-09-11 09:00:00,20
1810,2023-09-11 10:00:00,14
1811,2023-09-11 11:00:00,11
1812,2023-09-11 12:00:00,9
1813,2023-09-11 13:00:00,17
1814,2023-09-11 14:00:00,19
1815,2023-09-11 15:00:00,17
1816,2023-09-11 16:00:00,10
1817,2023-09-11 17:00:00,5
1818,2023-09-11 18:00:00,2
1819,2023-09-11 19:00:00,1
1820,2023-09-11 20:00:00,0
1821,2023-09-11 21:00:00,0
1822,2023-09-11 22:00:00,0
1823,2023-09-11 23:00:00,0
1824,2023-09-12 00:00:00,0
1825,2023-09-12 01:00:00,1
1826,2023-09-12 02:00:00,1
1827,2023-09-12 03:00:00,1
1828,2023-09-12 04:00:00,5
1829,2023-09-12 05:00:00,16
1830,2023-09-12 06:00:00,18
1831,2023-09-12 07:00:00,14
1832,2023-09-12 08:00:00,13
1833,2023-09-12 09:00:00,19
1834,2023-09-12 10:00:00,19
1835,2023-09-12 11:00:00,17
1836,2023-09-12 12:00:00,20
1837,2023-09-12 13:00:00,19
1838,2023-09-12 14:00:00,20
1839,2023-09-12 15:00:00,19
1840,2023-09-12 16:00:00,20
1841,2023-09-12 17:00:00,18
1842,2023-09-12 18:00:00,15
1843,2023-09-12 19:00:00,7
1844,2023-09-12 20:00:00,4
1845,2023-09-12 21:00:00,3
1846,2023-09-12 22:00:00,0
1847,2023-09-12 23:00:00,0
1848,2023-09-13 00:00:00,0
1849,2023-09-13 01:00:00,0
1850,2023-09-13 02:00:00,0
1851,2023-09-13 03:00:00,1
1852,2023-09-13 04:00:00,4
1853,2023-09-13 05:00:00,12
1854,2023-09-13 06:00:00,15
1855,2023-09-13 07:00:00,19
1856,2023-09-13 08:00:00,21
1857,2023-09-13 09:00:00,19
1858,2023-09-13 10:00:00,20
1859,2023-09-13 11:00:00,19
1860,2023-09-13 12:00:00,20
1861,2023-09-13 13:00:00,20
1862,2023-09-13 14:00:00,12
1863,2023-09-13 15:00:00,10
1864,2023-09-13 16:00:00,10
1865,2023-09-13 17:00:00,11
1866,2023-09-13 18:00:00,9
1867,2023-09-13 19:00:00,2
1868,2023-09-13 20:00:00,0
1869,2023-09-13 21:00:00,1
1870,2023-09-13 22:00:00,0
1871,2023-09-13 23:00:00,2
1872,2023-09-14 00:00:00,3
1873,2023-09-14 01:00:00,3
1874,2023-09-14 02:00:00,2
1875,2023-09-14 03:00:00,2
1876,2023-09-14 04:00:00,6
1877,2023-09-14 05:00:00,16
1878,2023-09-14 06:00:00,20
1879,2023-09-14 07:00:00,21
1880,2023-09-14 08:00:00,21
1881,2023-09-14 09:00:00,21
1882,2023-09-14 10:00:00,21
1883,2023-09-14 11:00:00,18
1884,2023-09-14 12:00:00,19
1885,2023-09-14 13:00:00,17
1886,2023-09-14 14:00:00,10
1887,2023-09-14 15:00:00,9
1888,2023-09-14 16:00:00,15
1889,2023-09-14 17:00:00,11
1890,2023-09-14 18:00:00,5
1891,2023-09-14 19:00:00,1
1892,2023-09-14 20:00:00,2
1893,2023-09-14 21:00:00,3
1894,2023-09-14 22:00:00,1
1895,2023-09-14 23:00:00,1
1896,2023-09-15 00:00:00,1
1897,2023-09-15 01:00:00,2
1898,2023-09-15 02:00:00,2
1899,2023-09-15 03:00:00,2
1900,2023-09-15 04:00:00,5
1901,2023-09-15 05:00:00,13
1902,2023-09-15 06:00:00,16
1903,2023-09-15 07:00:00,19
1904,2023-09-15 08:00:00,21
1905,2023-09-15 09:00:00,20
1906,2023-09-15 10:00:00,20
1907,2023-09-15 11:00:00,20
1908,2023-09-15 12:00:00,21
1909,2023-09-15 13:00:00,21
1910,2023-09-15 14:00:00,15
1911,2023-09-15 15:00:00,12
1912,2023-09-15 16:00:00,13
1913,2023-09-15 17:00:00,16
1914,2023-09-15 18:00:00,17
1915,2023-09-15 19:00:00,18
1916,2023-09-15 20:00:00,19
1917,2023-09-15 21:00:00,19
1918,2023-09-15 22:00:00,18
1919,2023-09-15 23:00:00,18
1920,2023-09-16 00:00:00,18
1921,2023-09-16 01:00:00,17
1922,2023-09-16 02:00:00,16
1923,2023-09-16 03:00:00,16
1924,2023-09-16 04:00:00,16
1925,2023-09-16 05:00:00,18
1926,2023-09-16 06:00:00,21
1927,2023-09-16 07:00:00,21
1928,2023-09-16 08:00:00,20
1929,2023-09-16 09:00:00,21
1930,2023-09-16 10:00:00,21
1931,2023-09-16 11:00:00,17
1932,2023-09-16 12:00:00,19
1933,2023-09-16 13:00:00,21
1934,2023-09-16 14:00:00,20
1935,2023-09-16 15:00:00,21
1936,2023-09-16 16:00:00,20
1937,2023-09-16 17:00:00,21
1938,2023-09-16 18:00:00,20
1939,2023-09-16 19:00:00,20
1940,2023-09-16 20:00:00,16
1941,2023-09-16 21:00:00,15
1942,2023-09-16 22:00:00,13
1943,2023-09-16 23:00:00,12
1944,2023-09-17 00:00:00,9
1945,2023-09-17 01:00:00,8
1946,2023-09-17 02:00:00,7
1947,2023-09-17 03:00:00,7
1948,2023-09-17 04:00:00,7
1949,2023-09-17 05:00:00,7
1950,2023-09-17 06:00:00,9
1951,2023-09-17 07:00:00,10
1952,2023-09-17 08:00:00,13
1953,2023-09-17 09:00:00,15
1954,2023-09-17 10:00:00,14
1955,2023-09-17 11:00:00,12
1956,2023-09-17 12:00:00,10
1957,2023-09-17 13:00:00,13
1958,2023-09-17 14:00:00,14
1959,2023-09-17 15:00:00,15
1960,2023-09-17 16:00:00,16
1961,2023-09-17 17:00:00,19
1962,2023-09-17 18:00:00,16
1963,2023-09-17 19:00:00,14
1964,2023-09-17 20:00:00,12
1965,2023-09-17 21:00:00,11
1966,2023-09-17 22:00:00,11
1967,2023-09-17 23:00:00,11
1968,2023-09-18 00:00:00,11
1969,2023-09-18 01:00:00,11
1970,2023-09-18 02:00:00,11
1971,2023-09-18 03:00:00,11
1972,2023-09-18 04:00:00,13
1973,2023-09-18 05:00:00,19
1974,2023-09-18 06:00:00,19
1975,2023-09-18 07:00:00,20
1976,2023-09-18 08:00:00,20
1977,2023-09-18 09:00:00,19
1978,2023-09-18 10:00:00,12
1979,2023-09-18 11:00:00,11
1980,2023-09-18 12:00:00,15
1981,2023-09-18 13:00:00,16
1982,2023-09-18 14:00:00,9
1983,2023-09-18 15:00:00,7
1984,2023-09-18 16:00:00,7
1985,2023-09-18 17:00:00,8
1986,2023-09-18 18:00:00,11
1987,2023-09-18 19:00:00,8
1988,2023-09-18 20:00:00,7
1989,2023-09-18 21:00:00,6
1990,2023-09-18 22:00:00,5
1991,2023-09-18 23:00:00,4
1992,2023-09-19 00:00:00,4
1993,2023-09-19 01:00:00,2
1994,2023-09-19 02:00:00,2
1995,2023-09-19 03:00:00,2
1996,2023-09-19 04:00:00,2
1997,2023-09-19 05:00:00,2
1998,2023-09-19 06:00:00,8
1999,2023-09-19 07:00:00,10
2000,2023-09-19 08:00:00,11
2001,2023-09-19 09:00:00,12
2002,2023-09-19 10:00:00,13
2003,2023-09-19 11:00:00,15
2004,2023-09-19 12:00:00,14
2005,2023-09-19 13:00:00,14
2006,2023-09-19 14:00:00,11
2007,2023-09-19 15:00:00,13
2008,2023-09-19 16:00:00,10
2009,2023-09-19 17:00:00,8
2010,2023-09-19 18:00:00,8
2011,2023-09-19 19:00:00,5
2012,2023-09-19 20:00:00,6
2013,2023-09-19 21:00:00,3
2014,2023-09-19 22:00:00,2
2015,2023-09-19 23:00:00,3
2016,2023-09-20 00:00:00,2
2017,2023-09-20 01:00:00,2
2018,2023-09-20 02:00:00,2
2019,2023-09-20 03:00:00,2
2020,2023-09-20 04:00:00,6
2021,2023-09-20 05:00:00,14
2022,2023-09-20 06:00:00,20
2023,2023-09-20 07:00:00,20
2024,2023-09-20 08:00:00,20
2025,2023-09-20 09:00:00,20
2026,2023-09-20 10:00:00,21
2027,2023-09-20 11:00:00,21
2028,2023-09-20 12:00:00,20
2029,2023-09-20 13:00:00,19
2030,2023-09-20 14:00:00,17
2031,2023-09-20 15:00:00,12
2032,2023-09-20 16:00:00,7
2033,2023-09-20 17:00:00,5
2034,2023-09-20 18:00:00,4
2035,2023-09-20 19:00:00,0
2036,2023-09-20 20:00:00,0
2037,2023-09-20 21:00:00,3
2038,2023-09-20 22:00:00,3
2039,2023-09-20 23:00:00,3
2040,2023-09-21 00:00:00,3
2041,2023-09-21 01:00:00,4
2042,2023-09-21 02:00:00,3
2043,2023-09-21 03:00:00,4
2044,2023-09-21 04:00:00,7
2045,2023-09-21 05:00:00,12
2046,2023-09-21 06:00:00,17
2047,2023-09-21 07:00:00,17
2048,2023-09-21 08:00:00,18
2049,2023-09-21 09:00:00,16
2050,2023-09-21 10:00:00,19
2051,2023-09-21 11:00:00,21
2052,2023-09-21 12:00:00,17
2053,2023-09-21 13:00:00,12
2054,2023-09-21 14:00:00,9
2055,2023-09-21 15:00:00,6
2056,2023-09-21 16:00:00,2
2057,2023-09-21 17:00:00,2
2058,2023-09-21 18:00:00,11
2059,2023-09-21 19:00:00,8
2060,2023-09-21 20:00:00,5
2061,2023-09-21 21:00:00,2
2062,2023-09-21 22:00:00,1
2063,2023-09-21 23:00:00,1
2064,2023-09-22 00:00:00,2
2065,2023-09-22 01:00:00,2
2066,2023-09-22 02:00:00,1
2067,2023-09-22 03:00:00,2
2068,2023-09-22 04:00:00,6
2069,2023-09-22 05:00:00,9
2070,2023-09-22 06:00:00,16
2071,2023-09-22 07:00:00,20
2072,2023-09-22 08:00:00,22
2073,2023-09-22 09:00:00,21
2074,2023-09-22 10:00:00,20
2075,2023-09-22 11:00:00,20
2076,2023-09-22 12:00:00,20
2077,2023-09-22 13:00:00,12
2078,2023-09-22 14:00:00,12
2079,2023-09-22 15:00:00,15
2080,2023-09-22 16:00:00,9
2081,2023-09-22 17:00:00,15
2082,2023-09-22 18:00:00,19
2083,2023-09-22 19:00:00,16
2084,2023-09-22 20:00:00,5
2085,2023-09-22 21:00:00,1
2086,2023-09-22 22:00:00,2
2087,2023-09-22 23:00:00,1
2088,2023-09-23 00:00:00,3
2089,2023-09-23 01:00:00,18
2090,2023-09-23 02:00:00,20
2091,2023-09-23 03:00:00,19
2092,2023-09-23 04:00:00,19
2093,2023-09-23 05:00:00,19
2094,2023-09-23 06:00:00,20
2095,2023-09-23 07:00:00,20
2096,2023-09-23 08:00:00,20
2097,2023-09-23 09:00:00,20
2098,2023-09-23 10:00:00,20
2099,2023-09-23 11:00:00,20
2100,2023-09-23 12:00:00,20
2101,2023-09-23 13:00:00,21
2102,2023-09-23 14:00:00,21
2103,2023-09-23 15:00:00,21
2104,2023-09-23 16:00:00,16
2105,2023-09-23 17:00:00,17
2106,2023-09-23 18:00:00,18
2107,2023-09-23 19:00:00,17
2108,2023-09-23 20:00:00,16
2109,2023-09-23 21:00:00,16
2110,2023-09-23 22:00:00,15
2111,2023-09-23 23:00:00,13
2112,2023-09-24 00:00:00,13
2113,2023-09-24 01:00:00,12
2114,2023-09-24 02:00:00,10
2115,2023-09-24 03:00:00,9
2116,2023-09-24 04:00:00,9
2117,2023-09-24 05:00:00,9
2118,2023-09-24 06:00:00,10
2119,2023-09-24 07:00:00,10
2120,2023-09-24 08:00:00,10
2121,2023-09-24 09:00:00,9
2122,2023-09-24 10:00:00,8
2123,2023-09-24 11:00:00,8
2124,2023-09-24 12:00:00,8
2125,2023-09-24 13:00:00,9
2126,2023-09-24 14:00:00,9
2127,2023-09-24 15:00:00,8
2128,2023-09-24 16:00:00,9
2129,2023-09-24 17:00:00,10
2130,2023-09-24 18:00:00,8
2131,2023-09-24 19:00:00,6
2132,2023-09-24 20:00:00,4
2133,2023-09-24 21:00:00,2
2134,2023-09-24 22:00:00,1
2135,2023-09-24 23:00:00,1
2136,2023-09-25 00:00:00,1
2137,2023-09-25 01:00:00,1
2138,2023-09-25 02:00:00,2
2139,2023-09-25 03:00:00,2
2140,2023-09-25 04:00:00,1
2141,2023-09-25 05:00:00,8
2142,2023-09-25 06:00:00,17
2143,2023-09-25 07:00:00,20
2144,2023-09-25 08:00:00,21
2145,2023-09-25 09:00:00,17
2146,2023-09-25 10:00:00,15
2147,2023-09-25 11:00:00,18
2148,2023-09-25 12:00:00,19
2149,2023-09-25 13:00:00,20
2150,2023-09-25 14:00:00,20
2151,2023-09-25 15:00:00,18
2152,2023-09-25 16:00:00,10
2153,2023-09-25 17:00:00,13
2154,2023-09-25 18:00:00,15
2155,2023-09-25 19:00:00,14
2156,2023-09-25 20:00:00,11
2157,2023-09-25 21:00:00,11
2158,2023-09-25 22:00:00,10
2159,2023-09-25 23:00:00,10
2160,2023-09-26 00:00:00,9
2161,2023-09-26 01:00:00,9
2162,2023-09-26 02:00:00,9
2163,2023-09-26 03:00:00,10
2164,2023-09-26 04:00:00,10
2165,2023-09-26 05:00:00,17
2166,2023-09-26 06:00:00,21
2167,2023-09-26 07:00:00,21
2168,2023-09-26 08:00:00,19
2169,2023-09-26 09:00:00,20
2170,2023-09-26 10:00:00,21
2171,2023-09-26 11:00:00,18
2172,2023-09-26 12:00:00,20
2173,2023-09-26 13:00:00,11
2174,2023-09-26 14:00:00,10
2175,2023-09-26 15:00:00,9
2176,2023-09-26 16:00:00,7
2177,2023-09-26 17:00:00,12
2178,2023-09-26 18:00:00,5
2179,2023-09-26 19:00:00,2
2180,2023-09-26 20:00:00,0
2181,2023-09-26 21:00:00,1
2182,2023-09-26 22:00:00,0
2183,2023-09-26 23:00:00,0
2184,2023-09-27 00:00:00,0
2185,2023-09-27 01:00:00,0
2186,2023-09-27 02:00:00,0
2187,2023-09-27 03:00:00,1
2188,2023-09-27 04:00:00,6
2189,2023-09-27 05:00:00,9
2190,2023-09-27 06:00:00,18
2191,2023-09-27 07:00:00,21
2192,2023-09-27 08:00:00,17
2193,2023-09-27 09:00:00,18
2194,2023-09-27 10:00:00,21
2195,2023-09-27 11:00:00,20
2196,2023-09-27 12:00:00,21
2197,2023-09-27 13:00:00,17
2198,2023-09-27 14:00:00,11
2199,2023-09-27 15:00:00,5
2200,2023-09-27 16:00:00,2
2201,2023-09-27 17:00:00,2
2202,2023-09-27 18:00:00,1
2203,2023-09-27 19:00:00,1
2204,2023-09-27 20:00:00,1
2205,2023-09-27 21:00:00,0
2206,2023-09-27 22:00:00,0
2207,2023-09-27 23:00:00,0
2208,2023-09-28 00:00:00,7
2209,2023-09-28 01:00:00,22
2210,2023-09-28 02:00:00,21
2211,2023-09-28 03:00:00,21
2212,2023-09-28 04:00:00,21
2213,2023-09-28 05:00:00,21
2214,2023-09-28 06:00:00,20
2215,2023-09-28 07:00:00,20
2216,2023-09-28 08:00:00,21
2217,2023-09-28 09:00:00,19
2218,2023-09-28 10:00:00,20
2219,2023-09-28 11:00:00,17
2220,2023-09-28 12:00:00,9
2221,2023-09-28 13:00:00,12
2222,2023-09-28 14:00:00,16
2223,2023-09-28 15:00:00,14
2224,2023-09-28 16:00:00,7
2225,2023-09-28 17:00:00,3
2226,2023-09-28 18:00:00,8
2227,2023-09-28 19:00:00,9
2228,2023-09-28 20:00:00,7
2229,2023-09-28 21:00:00,0
2230,2023-09-28 22:00:00,0
2231,2023-09-28 23:00:00,2
2232,2023-09-29 00:00:00,21
2233,2023-09-29 01:00:00,21
2234,2023-09-29 02:00:00,21
2235,2023-09-29 03:00:00,21
2236,2023-09-29 04:00:00,21
2237,2023-09-29 05:00:00,21
2238,2023-09-29 06:00:00,20
2239,2023-09-29 07:00:00,19
2240,2023-09-29 08:00:00,21
2241,2023-09-29 09:00:00,16
2242,2023-09-29 10:00:00,12
2243,2023-09-29 11:00:00,16
2244,2023-09-29 12:00:00,19
2245,2023-09-29 13:00:00,18
2246,2023-09-29 14:00:00,18
2247,2023-09-29 15:00:00,20
2248,2023-09-29 16:00:00,15
2249,2023-09-29 17:00:00,7
2250,2023-09-29 18:00:00,6
2251,2023-09-29 19:00:00,2
2252,2023-09-29 20:00:00,3
2253,2023-09-29 21:00:00,8
2254,2023-09-29 22:00:00,8
2255,2023-09-29 23:00:00,4
2256,2023-09-30 00:00:00,1
2257,2023-09-30 01:00:00,0
2258,2023-09-30 02:00:00,0
2259,2023-09-30 03:00:00,0
2260,2023-09-30 04:00:00,0
2261,2023-09-30 05:00:00,3
2262,2023-09-30 06:00:00,7
2263,2023-09-30 07:00:00,16
2264,2023-09-30 08:00:00,21
2265,2023-09-30 09:00:00,21
2266,2023-09-30 10:00:00,20
2267,2023-09-30 11:00:00,19
2268,2023-09-30 12:00:00,17
2269,2023-09-30 13:00:00,21
2270,2023-09-30 14:00:00,20
2271,2023-09-30 15:00:00,15
2272,2023-09-30 16:00:00,19
2273,2023-09-30 17:00:00,20
2274,2023-09-30 18:00:00,20
2275,2023-09-30 19:00:00,17
2276,2023-09-30 20:00:00,13
2277,2023-09-30 21:00:00,13
2278,2023-09-30 22:00:00,9
2279,2023-09-30 23:00:00,17
2280,2023-10-01 00:00:00,17
2281,2023-10-01 01:00:00,12
2282,2023-10-01 02:00:00,11
2283,2023-10-01 03:00:00,9
2284,2023-10-01 04:00:00,8
2285,2023-10-01 05:00:00,8
2286,2023-10-01 06:00:00,9
2287,2023-10-01 07:00:00,11
2288,2023-10-01 08:00:00,18
2289,2023-10-01 09:00:00,16
2290,2023-10-01 10:00:00,17
2291,2023-10-01 11:00:00,20
2292,2023-10-01 12:00:00,16
2293,2023-10-01 13:00:00,20
2294,2023-10-01 14:00:00,15
2295,2023-10-01 15:00:00,12
2296,2023-10-01 16:00:00,9
2297,2023-10-01 17:00:00,7
2298,2023-10-01 18:00:00,0
2299,2023-10-01 19:00:00,0
2300,2023-10-01 20:00:00,0
2301,2023-10-01 21:00:00,2
2302,2023-10-01 22:00:00,3
2303,2023-10-01 23:00:00,4
2304,2023-10-02 00:00:00,10
2305,2023-10-02 01:00:00,12
2306,2023-10-02 02:00:00,13
2307,2023-10-02 03:00:00,14
2308,2023-10-02 04:00:00,15
2309,2023-10-02 05:00:00,21
2310,2023-10-02 06:00:00,20
2311,2023-10-02 07:00:00,19
2312,2023-10-02 08:00:00,19
2313,2023-10-02 09:00:00,14
2314,2023-10-02 10:00:00,8
2315,2023-10-02 11:00:00,15
2316,2023-10-02 12:00:00,19
2317,2023-10-02 13:00:00,19
2318,2023-10-02 14:00:00,17
2319,2023-10-02 15:00:00,6
2320,2023-10-02 16:00:00,13
2321,2023-10-02 17:00:00,19
2322,2023-10-02 18:00:00,8
2323,2023-10-02 19:00:00,2
2324,2023-10-02 20:00:00,2
2325,2023-10-02 21:00:00,1
2326,2023-10-02 22:00:00,1
2327,2023-10-02 23:00:00,7
2328,2023-10-03 00:00:00,15
2329,2023-10-03 01:00:00,22
2330,2023-10-03 02:00:00,22
2331,2023-10-03 03:00:00,21
2332,2023-10-03 04:00:00,21
2333,2023-10-03 05:00:00,20
2334,2023-10-03 06:00:00,16
2335,2023-10-03 07:00:00,15
2336,2023-10-03 08:00:00,15
2337,2023-10-03 09:00:00,15
2338,2023-10-03 10:00:00,15
2339,2023-10-03 11:00:00,12
2340,2023-10-03 12:00:00,16
2341,2023-10-03 13:00:00,20
2342,2023-10-03 14:00:00,19
2343,2023-10-03 15:00:00,12
2344,2024-03-09 20:00:00,9
